{
    "description": "DeviceRestAPI",
    "processes": {
        "openapiservlow1": {
            "component": "com.sap.openapi.server",
            "metadata": {
                "label": "OpenAPI Servlow",
                "x": 313,
                "y": 99,
                "height": 80,
                "width": 120,
                "ui": "dynpath",
                "config": {
                    "basePath": "teched2020/teadm_performance",
                    "oneway": true
                }
            }
        },
        "wiretap1": {
            "component": "com.sap.util.wiretap",
            "metadata": {
                "label": "Wiretap",
                "x": 471,
                "y": 100,
                "height": 80,
                "width": 120,
                "ui": "dynpath",
                "config": {}
            }
        },
        "tofile1": {
            "component": "com.sap.file.toFile",
            "metadata": {
                "label": "To File",
                "x": 654,
                "y": 120,
                "height": 50,
                "width": 50,
                "config": {}
            }
        },
        "writefile1": {
            "component": "com.sap.file.write",
            "metadata": {
                "label": "Write File",
                "x": 757,
                "y": 100,
                "height": 80,
                "width": 120,
                "config": {
                    "pathMode": "Static (from configuration)",
                    "connection": {
                        "configurationType": "Connection Management",
                        "connectionID": "DI_DATA_LAKE"
                    },
                    "path": "/shared/teadm/performance_rapi.csv",
                    "mode": "Append"
                }
            }
        },
        "workflowterminator1": {
            "component": "com.sap.dh.terminator",
            "metadata": {
                "label": "Workflow Terminator",
                "x": 926,
                "y": 100,
                "height": 80,
                "width": 120,
                "config": {}
            }
        }
    },
    "groups": [],
    "connections": [
        {
            "metadata": {
                "points": "437,139 451.5,139 451.5,140 466,140"
            },
            "src": {
                "port": "out",
                "process": "openapiservlow1"
            },
            "tgt": {
                "port": "in",
                "process": "wiretap1"
            }
        },
        {
            "metadata": {
                "points": "881,131 901,131 901,140 921,140"
            },
            "src": {
                "port": "file",
                "process": "writefile1"
            },
            "tgt": {
                "port": "stop",
                "process": "workflowterminator1"
            }
        },
        {
            "metadata": {
                "points": "708,145 730,145 730,140 752,140"
            },
            "src": {
                "port": "file",
                "process": "tofile1"
            },
            "tgt": {
                "port": "file",
                "process": "writefile1"
            }
        },
        {
            "metadata": {
                "points": "595,140 622,140 622,154 649,154"
            },
            "src": {
                "port": "out",
                "process": "wiretap1"
            },
            "tgt": {
                "port": "in",
                "process": "tofile1"
            }
        }
    ],
    "inports": {},
    "outports": {},
    "properties": {}
}