{
    "properties": {},
    "description": "Merge Cell Status",
    "processes": {
        "workflowtrigger1": {
            "component": "com.sap.dh.trigger",
            "metadata": {
                "label": "Workflow Trigger",
                "x": 12,
                "y": 12,
                "height": 80,
                "width": 120,
                "extensible": true,
                "config": {}
            }
        },
        "workflowtrigger2": {
            "component": "com.sap.dh.trigger",
            "metadata": {
                "label": "Workflow Trigger",
                "x": 12,
                "y": 132,
                "height": 80,
                "width": 120,
                "extensible": true,
                "config": {}
            }
        },
        "structuredfileconsumer1": {
            "component": "com.sap.storage.consumer",
            "metadata": {
                "label": "Structured File Consumer",
                "x": 181,
                "y": 12,
                "height": 80,
                "width": 120,
                "extensible": false,
                "config": {
                    "service": "sdl",
                    "sdlConnection": {
                        "configurationType": "Configuration Manager",
                        "connectionID": "DI_DATA_LAKE"
                    },
                    "sdlAdaptedDataset": {
                        "remoteObjectReference": {
                            "connection": {
                                "id": "DI_DATA_LAKE",
                                "type": "SDL"
                            },
                            "name": "performance.csv",
                            "remoteObjectType": "FILE.CSV",
                            "qualifiedName": "/shared/teadm/performance.csv",
                            "nativeQualifiedName": "/shared/teadm/performance.csv",
                            "owner": "teadm",
                            "size": 85416,
                            "version": {
                                "dataLastModified": 1607088524000,
                                "metadataLastModified": 1607088524000,
                                "metadataVersionNumber": 1607088524000
                            }
                        },
                        "dataAccessConfiguration": {
                            "rowDelimiter": "\n",
                            "charset": "UTF-8",
                            "textDelimiter": "\"",
                            "header": false,
                            "attributes": [
                                {
                                    "name": "C2",
                                    "format": "."
                                },
                                {
                                    "name": "C3",
                                    "format": "."
                                }
                            ],
                            "escapeCharacter": "\"",
                            "colDelimiter": ","
                        },
                        "schema": {
                            "genericType": "TABLE",
                            "tableBasedRepresentation": {
                                "attributes": [
                                    {
                                        "name": "C0",
                                        "templateType": "string",
                                        "datatype": "STRING",
                                        "length": 19
                                    },
                                    {
                                        "name": "C1",
                                        "templateType": "int32",
                                        "datatype": "INTEGER",
                                        "length": 4
                                    },
                                    {
                                        "name": "C2",
                                        "templateType": "decimal",
                                        "datatype": "DECIMAL",
                                        "precision": 17,
                                        "scale": 14,
                                        "format": "."
                                    },
                                    {
                                        "name": "C3",
                                        "templateType": "decimal",
                                        "datatype": "DECIMAL",
                                        "precision": 17,
                                        "scale": 14,
                                        "format": "."
                                    }
                                ]
                            }
                        },
                        "capabilityProperties": [
                            {
                                "name": "isProfileable",
                                "value": "true"
                            }
                        ]
                    }
                },
                "outports": [
                    {
                        "name": "outTable",
                        "type": "table",
                        "vtype-ID": "$GRAPH.generated.structuredfileconsumer1_outTable"
                    }
                ]
            }
        },
        "structuredfileconsumer2": {
            "component": "com.sap.storage.consumer",
            "metadata": {
                "label": "Structured File Consumer",
                "x": 181,
                "y": 132,
                "height": 80,
                "width": 120,
                "extensible": false,
                "config": {
                    "service": "sdl",
                    "sdlConnection": {
                        "configurationType": "Configuration Manager",
                        "connectionID": "DI_DATA_LAKE"
                    },
                    "sdlAdaptedDataset": {
                        "remoteObjectReference": {
                            "connection": {
                                "id": "DI_DATA_LAKE",
                                "type": "SDL"
                            },
                            "name": "configuration.csv",
                            "remoteObjectType": "FILE.CSV",
                            "qualifiedName": "/shared/teadm/configuration.csv",
                            "nativeQualifiedName": "/shared/teadm/configuration.csv",
                            "owner": "teadm",
                            "size": 11161,
                            "version": {
                                "dataLastModified": 1607088518000,
                                "metadataLastModified": 1607088518000,
                                "metadataVersionNumber": 1607088518000
                            }
                        },
                        "dataAccessConfiguration": {
                            "rowDelimiter": "\n",
                            "charset": "UTF-8",
                            "textDelimiter": "\"",
                            "header": false,
                            "attributes": [
                                {
                                    "name": "C0",
                                    "format": "yyyy-MM-dd"
                                },
                                {
                                    "name": "C2",
                                    "format": "."
                                },
                                {
                                    "name": "C3",
                                    "format": "."
                                }
                            ],
                            "escapeCharacter": "\"",
                            "colDelimiter": ","
                        },
                        "schema": {
                            "genericType": "TABLE",
                            "tableBasedRepresentation": {
                                "attributes": [
                                    {
                                        "name": "C0",
                                        "templateType": "date",
                                        "datatype": "DATE",
                                        "format": "yyyy-MM-dd"
                                    },
                                    {
                                        "name": "C1",
                                        "templateType": "int32",
                                        "datatype": "INTEGER",
                                        "length": 4
                                    },
                                    {
                                        "name": "C2",
                                        "templateType": "decimal",
                                        "datatype": "DECIMAL",
                                        "precision": 4,
                                        "scale": 1,
                                        "format": "."
                                    },
                                    {
                                        "name": "C3",
                                        "templateType": "decimal",
                                        "datatype": "DECIMAL",
                                        "precision": 4,
                                        "scale": 1,
                                        "format": "."
                                    }
                                ]
                            }
                        },
                        "capabilityProperties": [
                            {
                                "name": "isProfileable",
                                "value": "true"
                            }
                        ]
                    }
                },
                "outports": [
                    {
                        "name": "outTable",
                        "type": "table",
                        "vtype-ID": "$GRAPH.generated.structuredfileconsumer2_outTable"
                    }
                ]
            }
        },
        "datatransform1": {
            "component": "com.sap.datatransform",
            "metadata": {
                "label": "Data Transform",
                "x": 365.9999990463257,
                "y": 72,
                "height": 80,
                "width": 120,
                "extensible": false,
                "config": {
                    "definition": {
                        "nodeType": "ContainerNode",
                        "inputs": [
                            {
                                "id": "877f6308-420a-47b3-857a-a90b3906a46f",
                                "nodeType": "InPort",
                                "name": "input1",
                                "attributes": [
                                    {
                                        "id": "126c7081-5f4b-405b-8743-308bbcf6b561",
                                        "name": "C0",
                                        "datatype": "string",
                                        "nullable": false,
                                        "length": 19
                                    },
                                    {
                                        "id": "149a637b-9501-467d-8e43-1f7e2ae003c0",
                                        "name": "C1",
                                        "datatype": "int32",
                                        "nullable": false
                                    },
                                    {
                                        "id": "93eb4eb5-598f-48bf-aad8-54a3825cc438",
                                        "name": "C2",
                                        "datatype": "decimal",
                                        "nullable": false,
                                        "precision": 17,
                                        "scale": 14
                                    },
                                    {
                                        "id": "fca85129-73d9-4c7c-a2fe-7b047b1712d6",
                                        "name": "C3",
                                        "datatype": "decimal",
                                        "nullable": false,
                                        "precision": 17,
                                        "scale": 14
                                    }
                                ],
                                "UILayout": {
                                    "x": 12,
                                    "y": 72,
                                    "height": 80,
                                    "width": 80
                                }
                            },
                            {
                                "id": "ae7b47ce-9d2c-4719-8e95-76f79a2073ab",
                                "nodeType": "InPort",
                                "name": "input2",
                                "attributes": [
                                    {
                                        "id": "70a62060-406e-46ed-94fa-11c2b92278f8",
                                        "name": "C0",
                                        "datatype": "date",
                                        "nullable": false
                                    },
                                    {
                                        "id": "d6e37a77-c984-447d-9a81-9cb40dd12cc8",
                                        "name": "C1",
                                        "datatype": "int32",
                                        "nullable": false
                                    },
                                    {
                                        "id": "50fbfa3c-a7c9-41ca-978f-2724a79bee6d",
                                        "name": "C2",
                                        "datatype": "decimal",
                                        "nullable": false,
                                        "precision": 4,
                                        "scale": 1
                                    },
                                    {
                                        "id": "b316a50b-2cf3-4911-abe6-29ce839adc5b",
                                        "name": "C3",
                                        "datatype": "decimal",
                                        "nullable": false,
                                        "precision": 4,
                                        "scale": 1
                                    }
                                ],
                                "UILayout": {
                                    "x": 197.99999904632568,
                                    "y": 132,
                                    "height": 80,
                                    "width": 80
                                }
                            }
                        ],
                        "outputs": [
                            {
                                "id": "08c291a7-f032-4485-a0e3-8049f7b14ba1",
                                "nodeType": "OutPort",
                                "name": "output1",
                                "attributes": [
                                    {
                                        "id": "fcc89bc0-af1e-4ff1-8f95-b64ff6d38980",
                                        "name": "DATE",
                                        "datatype": "date",
                                        "nullable": false
                                    },
                                    {
                                        "id": "2cc33f6f-5a4f-4c55-bb49-795a2fbb0029",
                                        "name": "CELLID",
                                        "datatype": "int32",
                                        "nullable": false
                                    },
                                    {
                                        "id": "66a7b9d7-c909-411f-aaca-e01400b8b05c",
                                        "name": "KEY1",
                                        "datatype": "float32",
                                        "nullable": false
                                    },
                                    {
                                        "id": "943d5b66-5f65-4d92-8c3c-10c3c3430436",
                                        "name": "KEY2",
                                        "datatype": "float32",
                                        "nullable": false
                                    },
                                    {
                                        "id": "9184be16-0228-4f7c-b63a-b4f9b7ef86ac",
                                        "name": "NOM_KEY1",
                                        "datatype": "float32",
                                        "nullable": false
                                    },
                                    {
                                        "id": "9ef248b5-bb70-4fd2-9cc0-c95fda7606d7",
                                        "name": "NOM_KEY2",
                                        "datatype": "float32",
                                        "nullable": false
                                    }
                                ],
                                "mode": "OVERWRITE",
                                "UILayout": {
                                    "x": 683.9999980926514,
                                    "y": 72,
                                    "height": 80,
                                    "width": 80
                                }
                            }
                        ],
                        "nodes": [
                            {
                                "id": "8497d816-3bed-4d44-a76a-5779b1a08976",
                                "type": "FilterNode",
                                "nodeType": "FilterNode",
                                "name": "Projection",
                                "inputs": [
                                    {
                                        "id": "f97c66f4-2785-4d04-91ec-a9346ebfb6ae",
                                        "name": "Projection_Input1",
                                        "attributes": [
                                            {
                                                "id": "92702c9a-3e0b-411d-a6ae-7e78cfb982ab",
                                                "name": "C0",
                                                "datatype": "string",
                                                "nullable": false,
                                                "length": 19
                                            },
                                            {
                                                "id": "5b631014-00a6-46ad-bec8-5292ede14979",
                                                "name": "C1",
                                                "datatype": "int32",
                                                "nullable": false
                                            },
                                            {
                                                "id": "6b9ed4b7-fd57-474c-ae4b-6198306d80af",
                                                "name": "C2",
                                                "datatype": "decimal",
                                                "nullable": false,
                                                "precision": 17,
                                                "scale": 14
                                            },
                                            {
                                                "id": "48065d79-4be9-4535-95be-645118b7dd0e",
                                                "name": "C3",
                                                "datatype": "decimal",
                                                "nullable": false,
                                                "precision": 17,
                                                "scale": 14
                                            }
                                        ]
                                    }
                                ],
                                "outputs": [
                                    {
                                        "id": "1614f695-7d0e-4aee-aa75-6965ed2e2d44",
                                        "name": "Projection_Output1",
                                        "attributes": [
                                            {
                                                "id": "59232ffc-0415-4a37-a796-57af15e6dd13",
                                                "name": "DATE",
                                                "datatype": "date",
                                                "nullable": false,
                                                "expression": "\"C0\""
                                            },
                                            {
                                                "id": "cb499f74-8c35-4a50-9525-fc26889267fe",
                                                "name": "CELLID",
                                                "datatype": "int32",
                                                "nullable": false,
                                                "expression": "\"C1\""
                                            },
                                            {
                                                "id": "c22b038a-c8b2-475b-8fad-5a486e78ab95",
                                                "name": "KEY1",
                                                "datatype": "float32",
                                                "nullable": false,
                                                "expression": "\"C2\""
                                            },
                                            {
                                                "id": "c99f5ad0-5488-42df-8b14-849b18b2df41",
                                                "name": "KEY2",
                                                "datatype": "float32",
                                                "nullable": false,
                                                "expression": "\"C3\""
                                            }
                                        ]
                                    }
                                ],
                                "UILayout": {
                                    "x": 157.99999904632568,
                                    "y": 12,
                                    "height": 80,
                                    "width": 120
                                }
                            },
                            {
                                "id": "bb6ba1c6-b380-404e-97a2-e4a69d379875",
                                "type": "AggregationNode",
                                "nodeType": "AggregationNode",
                                "name": "Aggregation",
                                "inputs": [
                                    {
                                        "id": "dcbf66e7-79d6-4277-8a54-76a8e4ab7013",
                                        "name": "Aggregation_Input1",
                                        "attributes": [
                                            {
                                                "id": "ff6c6b1c-22f1-4b10-bd27-30e237b2c91b",
                                                "name": "DATE",
                                                "datatype": "date",
                                                "nullable": false
                                            },
                                            {
                                                "id": "0ab8ccb8-d451-4508-98ea-da7923a6d060",
                                                "name": "CELLID",
                                                "datatype": "int32",
                                                "nullable": false
                                            },
                                            {
                                                "id": "6dedecb3-d41a-478b-a2d4-6d32eff08ab7",
                                                "name": "KEY1",
                                                "datatype": "float32",
                                                "nullable": false
                                            },
                                            {
                                                "id": "85722744-48f5-4905-9a3c-77e6cdcbfb37",
                                                "name": "KEY2",
                                                "datatype": "float32",
                                                "nullable": false
                                            }
                                        ]
                                    }
                                ],
                                "outputs": [
                                    {
                                        "id": "877d0637-e1d0-47ef-9761-65b775a784e9",
                                        "name": "Aggregation_Output1",
                                        "attributes": [
                                            {
                                                "id": "847f6fb6-72e8-400e-886c-4d970dbcec65",
                                                "name": "DATE",
                                                "datatype": "date",
                                                "nullable": false
                                            },
                                            {
                                                "id": "fd4a80a9-641b-480b-9b99-a226366af325",
                                                "name": "CELLID",
                                                "datatype": "int32",
                                                "nullable": false
                                            },
                                            {
                                                "id": "f2dc7878-f9a7-4b0c-8ee1-6233e4b130ac",
                                                "name": "KEY1",
                                                "datatype": "float32",
                                                "nullable": false
                                            },
                                            {
                                                "id": "344ae205-ea35-403f-9bfe-76e7b379011a",
                                                "name": "KEY2",
                                                "datatype": "float32",
                                                "nullable": false
                                            }
                                        ]
                                    }
                                ],
                                "UILayout": {
                                    "x": 327.9999990463257,
                                    "y": 12,
                                    "height": 80,
                                    "width": 120
                                },
                                "tableMappings": [
                                    {
                                        "source": "dcbf66e7-79d6-4277-8a54-76a8e4ab7013",
                                        "target": "877d0637-e1d0-47ef-9761-65b775a784e9",
                                        "attributeMappings": [
                                            {
                                                "source": "ff6c6b1c-22f1-4b10-bd27-30e237b2c91b",
                                                "target": "847f6fb6-72e8-400e-886c-4d970dbcec65"
                                            },
                                            {
                                                "source": "0ab8ccb8-d451-4508-98ea-da7923a6d060",
                                                "target": "fd4a80a9-641b-480b-9b99-a226366af325"
                                            },
                                            {
                                                "source": "6dedecb3-d41a-478b-a2d4-6d32eff08ab7",
                                                "target": "f2dc7878-f9a7-4b0c-8ee1-6233e4b130ac"
                                            },
                                            {
                                                "source": "85722744-48f5-4905-9a3c-77e6cdcbfb37",
                                                "target": "344ae205-ea35-403f-9bfe-76e7b379011a"
                                            }
                                        ]
                                    }
                                ],
                                "aggregationTypes": [
                                    "GROUP-BY",
                                    "GROUP-BY",
                                    "AVG",
                                    "AVG"
                                ]
                            },
                            {
                                "id": "6a7a29b3-2794-429f-8d8e-4777ebb43b63",
                                "type": "FilterNode",
                                "nodeType": "FilterNode",
                                "name": "Projection1",
                                "inputs": [
                                    {
                                        "id": "4a799cda-d062-4d4b-8cba-bc10d0f19555",
                                        "name": "Projection1_Input1",
                                        "attributes": [
                                            {
                                                "id": "f137c2ca-0648-4698-938d-60fa5bd0c26f",
                                                "name": "C0",
                                                "datatype": "date",
                                                "nullable": false
                                            },
                                            {
                                                "id": "9fcefa2b-0f7a-4cb7-8c0c-f676eaabbc1d",
                                                "name": "C1",
                                                "datatype": "int32",
                                                "nullable": false
                                            },
                                            {
                                                "id": "8b116dc3-ea7d-49a8-b6bb-ec98da46e4fa",
                                                "name": "C2",
                                                "datatype": "decimal",
                                                "nullable": false,
                                                "precision": 4,
                                                "scale": 1
                                            },
                                            {
                                                "id": "8ddd2740-62fa-48f2-9973-85aaadc41911",
                                                "name": "C3",
                                                "datatype": "decimal",
                                                "nullable": false,
                                                "precision": 4,
                                                "scale": 1
                                            }
                                        ]
                                    }
                                ],
                                "outputs": [
                                    {
                                        "id": "65948d3d-7e91-4729-ac6d-f95ee5d07956",
                                        "name": "Projection1_Output1",
                                        "attributes": [
                                            {
                                                "id": "cc8979d9-e288-4068-b50d-854d4296b151",
                                                "name": "DATE",
                                                "datatype": "date",
                                                "nullable": false,
                                                "expression": "\"C0\""
                                            },
                                            {
                                                "id": "3940cee9-4c87-47f9-985b-5f0dd5b36a85",
                                                "name": "CELLID",
                                                "datatype": "int32",
                                                "nullable": false,
                                                "expression": "\"C1\""
                                            },
                                            {
                                                "id": "c369a6a9-b367-4e57-9cfc-8c62269060ce",
                                                "name": "NOM_KEY1",
                                                "datatype": "float32",
                                                "nullable": false,
                                                "expression": "\"C2\""
                                            },
                                            {
                                                "id": "50616d41-116c-44be-a398-dc1a84be6a73",
                                                "name": "NOM_KEY2",
                                                "datatype": "float32",
                                                "nullable": false,
                                                "expression": "\"C3\""
                                            }
                                        ]
                                    }
                                ],
                                "UILayout": {
                                    "x": 327.9999990463257,
                                    "y": 132,
                                    "height": 80,
                                    "width": 120
                                }
                            },
                            {
                                "id": "cf1b1e33-0513-4e30-b8c5-2617b42b8135",
                                "type": "JoinNode",
                                "nodeType": "JoinNode",
                                "name": "Join",
                                "inputs": [
                                    {
                                        "id": "98e89667-3d9c-4210-ba22-4e902cf72373",
                                        "name": "Join_Input1",
                                        "attributes": [
                                            {
                                                "id": "f999094d-eac4-445d-b6bf-19bba8ae6f0c",
                                                "name": "DATE",
                                                "datatype": "date",
                                                "nullable": false
                                            },
                                            {
                                                "id": "c28ccd97-5f37-489f-93db-9e32f7a50ed8",
                                                "name": "CELLID",
                                                "datatype": "int32",
                                                "nullable": false
                                            },
                                            {
                                                "id": "8ed92846-4a2e-43cf-95ac-a87a1099c260",
                                                "name": "KEY1",
                                                "datatype": "float32",
                                                "nullable": false
                                            },
                                            {
                                                "id": "64eb91bf-1cd5-4331-8b9d-7e00cee798a1",
                                                "name": "KEY2",
                                                "datatype": "float32",
                                                "nullable": false
                                            }
                                        ],
                                        "UILayout": {
                                            "x": 22.696533203125,
                                            "y": 12
                                        }
                                    },
                                    {
                                        "id": "ac514af9-b0ec-47a9-a9f0-7845e05dc7fa",
                                        "name": "Join_Input2",
                                        "attributes": [
                                            {
                                                "id": "06774ca9-3638-482c-8159-1e004742443f",
                                                "name": "DATE",
                                                "datatype": "date",
                                                "nullable": false
                                            },
                                            {
                                                "id": "8b2e8e95-fb4e-4dd1-915d-36c45586309a",
                                                "name": "CELLID",
                                                "datatype": "int32",
                                                "nullable": false
                                            },
                                            {
                                                "id": "4715da7b-b84b-4505-a423-ff07617d676a",
                                                "name": "NOM_KEY1",
                                                "datatype": "float32",
                                                "nullable": false
                                            },
                                            {
                                                "id": "428f7bab-08e3-4cf9-9b56-a04bf846a2c6",
                                                "name": "NOM_KEY2",
                                                "datatype": "float32",
                                                "nullable": false
                                            }
                                        ],
                                        "UILayout": {
                                            "x": 204,
                                            "y": 19
                                        }
                                    }
                                ],
                                "outputs": [
                                    {
                                        "id": "dcee4bfd-91a7-4948-9dfb-302fdc4da5c6",
                                        "name": "Join_Output1",
                                        "attributes": [
                                            {
                                                "id": "92e09602-3388-411f-8a8a-90efaa89f9d3",
                                                "name": "DATE",
                                                "datatype": "date",
                                                "nullable": false
                                            },
                                            {
                                                "id": "2e272d43-a96d-480e-ba14-65d59c847c34",
                                                "name": "CELLID",
                                                "datatype": "int32",
                                                "nullable": false
                                            },
                                            {
                                                "id": "5d00a406-d2e6-43bd-8c50-3f88eaa6b0b1",
                                                "name": "KEY1",
                                                "datatype": "float32",
                                                "nullable": false
                                            },
                                            {
                                                "id": "8b735f39-ab04-493e-a985-b95f0274bd10",
                                                "name": "KEY2",
                                                "datatype": "float32",
                                                "nullable": false
                                            },
                                            {
                                                "id": "bfd55e4f-02a3-42bd-b892-0dc43e70a537",
                                                "name": "NOM_KEY1",
                                                "datatype": "float32",
                                                "nullable": false
                                            },
                                            {
                                                "id": "b2991593-7af4-45e1-8819-d9237a9cc30d",
                                                "name": "NOM_KEY2",
                                                "datatype": "float32",
                                                "nullable": false
                                            }
                                        ]
                                    }
                                ],
                                "UILayout": {
                                    "x": 513.9999980926514,
                                    "y": 72,
                                    "height": 80,
                                    "width": 120
                                },
                                "joinDefinitions": [
                                    {
                                        "left": "98e89667-3d9c-4210-ba22-4e902cf72373",
                                        "right": "ac514af9-b0ec-47a9-a9f0-7845e05dc7fa",
                                        "type": "INNER",
                                        "joinOptions": {
                                            "leftCache": "automatic",
                                            "rightCache": "automatic",
                                            "leftRank": 0,
                                            "rightRank": 0
                                        },
                                        "condition": "\"Join_Input1\".\"DATE\" = \"Join_Input2\".\"DATE\" AND \"Join_Input1\".\"CELLID\" = \"Join_Input2\".\"CELLID\""
                                    }
                                ],
                                "tableMappings": [
                                    {
                                        "source": "98e89667-3d9c-4210-ba22-4e902cf72373",
                                        "target": "dcee4bfd-91a7-4948-9dfb-302fdc4da5c6",
                                        "attributeMappings": [
                                            {
                                                "source": "f999094d-eac4-445d-b6bf-19bba8ae6f0c",
                                                "target": "92e09602-3388-411f-8a8a-90efaa89f9d3"
                                            },
                                            {
                                                "source": "c28ccd97-5f37-489f-93db-9e32f7a50ed8",
                                                "target": "2e272d43-a96d-480e-ba14-65d59c847c34"
                                            },
                                            {
                                                "source": "8ed92846-4a2e-43cf-95ac-a87a1099c260",
                                                "target": "5d00a406-d2e6-43bd-8c50-3f88eaa6b0b1"
                                            },
                                            {
                                                "source": "64eb91bf-1cd5-4331-8b9d-7e00cee798a1",
                                                "target": "8b735f39-ab04-493e-a985-b95f0274bd10"
                                            }
                                        ]
                                    },
                                    {
                                        "source": "ac514af9-b0ec-47a9-a9f0-7845e05dc7fa",
                                        "target": "dcee4bfd-91a7-4948-9dfb-302fdc4da5c6",
                                        "attributeMappings": [
                                            {
                                                "source": "4715da7b-b84b-4505-a423-ff07617d676a",
                                                "target": "bfd55e4f-02a3-42bd-b892-0dc43e70a537"
                                            },
                                            {
                                                "source": "428f7bab-08e3-4cf9-9b56-a04bf846a2c6",
                                                "target": "b2991593-7af4-45e1-8819-d9237a9cc30d"
                                            }
                                        ]
                                    }
                                ]
                            }
                        ],
                        "tableMappings": [
                            {
                                "source": "877f6308-420a-47b3-857a-a90b3906a46f",
                                "target": "f97c66f4-2785-4d04-91ec-a9346ebfb6ae",
                                "attributeMappings": [
                                    {
                                        "source": "126c7081-5f4b-405b-8743-308bbcf6b561",
                                        "target": "92702c9a-3e0b-411d-a6ae-7e78cfb982ab"
                                    },
                                    {
                                        "source": "149a637b-9501-467d-8e43-1f7e2ae003c0",
                                        "target": "5b631014-00a6-46ad-bec8-5292ede14979"
                                    },
                                    {
                                        "source": "93eb4eb5-598f-48bf-aad8-54a3825cc438",
                                        "target": "6b9ed4b7-fd57-474c-ae4b-6198306d80af"
                                    },
                                    {
                                        "source": "fca85129-73d9-4c7c-a2fe-7b047b1712d6",
                                        "target": "48065d79-4be9-4535-95be-645118b7dd0e"
                                    }
                                ],
                                "UILayout": {
                                    "points": "97,112 124.99999952316284,112 124.99999952316284,52 152.99999904632568,52"
                                }
                            },
                            {
                                "source": "1614f695-7d0e-4aee-aa75-6965ed2e2d44",
                                "target": "dcbf66e7-79d6-4277-8a54-76a8e4ab7013",
                                "attributeMappings": [
                                    {
                                        "source": "59232ffc-0415-4a37-a796-57af15e6dd13",
                                        "target": "ff6c6b1c-22f1-4b10-bd27-30e237b2c91b"
                                    },
                                    {
                                        "source": "cb499f74-8c35-4a50-9525-fc26889267fe",
                                        "target": "0ab8ccb8-d451-4508-98ea-da7923a6d060"
                                    },
                                    {
                                        "source": "c22b038a-c8b2-475b-8fad-5a486e78ab95",
                                        "target": "6dedecb3-d41a-478b-a2d4-6d32eff08ab7"
                                    },
                                    {
                                        "source": "c99f5ad0-5488-42df-8b14-849b18b2df41",
                                        "target": "85722744-48f5-4905-9a3c-77e6cdcbfb37"
                                    }
                                ],
                                "UILayout": {
                                    "points": "282.9999990463257,52 322.9999990463257,52"
                                }
                            },
                            {
                                "source": "ae7b47ce-9d2c-4719-8e95-76f79a2073ab",
                                "target": "4a799cda-d062-4d4b-8cba-bc10d0f19555",
                                "attributeMappings": [
                                    {
                                        "source": "70a62060-406e-46ed-94fa-11c2b92278f8",
                                        "target": "f137c2ca-0648-4698-938d-60fa5bd0c26f"
                                    },
                                    {
                                        "source": "d6e37a77-c984-447d-9a81-9cb40dd12cc8",
                                        "target": "9fcefa2b-0f7a-4cb7-8c0c-f676eaabbc1d"
                                    },
                                    {
                                        "source": "50fbfa3c-a7c9-41ca-978f-2724a79bee6d",
                                        "target": "8b116dc3-ea7d-49a8-b6bb-ec98da46e4fa"
                                    },
                                    {
                                        "source": "b316a50b-2cf3-4911-abe6-29ce839adc5b",
                                        "target": "8ddd2740-62fa-48f2-9973-85aaadc41911"
                                    }
                                ],
                                "UILayout": {
                                    "points": "282.9999990463257,172 322.9999990463257,172"
                                }
                            },
                            {
                                "source": "877d0637-e1d0-47ef-9761-65b775a784e9",
                                "target": "98e89667-3d9c-4210-ba22-4e902cf72373",
                                "attributeMappings": [
                                    {
                                        "source": "847f6fb6-72e8-400e-886c-4d970dbcec65",
                                        "target": "f999094d-eac4-445d-b6bf-19bba8ae6f0c"
                                    },
                                    {
                                        "source": "fd4a80a9-641b-480b-9b99-a226366af325",
                                        "target": "c28ccd97-5f37-489f-93db-9e32f7a50ed8"
                                    },
                                    {
                                        "source": "f2dc7878-f9a7-4b0c-8ee1-6233e4b130ac",
                                        "target": "8ed92846-4a2e-43cf-95ac-a87a1099c260"
                                    },
                                    {
                                        "source": "344ae205-ea35-403f-9bfe-76e7b379011a",
                                        "target": "64eb91bf-1cd5-4331-8b9d-7e00cee798a1"
                                    }
                                ],
                                "UILayout": {
                                    "points": "452.9999990463257,52 480.9999985694885,52 480.9999985694885,103 508.99999809265137,103"
                                }
                            },
                            {
                                "source": "65948d3d-7e91-4729-ac6d-f95ee5d07956",
                                "target": "ac514af9-b0ec-47a9-a9f0-7845e05dc7fa",
                                "attributeMappings": [
                                    {
                                        "source": "cc8979d9-e288-4068-b50d-854d4296b151",
                                        "target": "06774ca9-3638-482c-8159-1e004742443f"
                                    },
                                    {
                                        "source": "3940cee9-4c87-47f9-985b-5f0dd5b36a85",
                                        "target": "8b2e8e95-fb4e-4dd1-915d-36c45586309a"
                                    },
                                    {
                                        "source": "c369a6a9-b367-4e57-9cfc-8c62269060ce",
                                        "target": "4715da7b-b84b-4505-a423-ff07617d676a"
                                    },
                                    {
                                        "source": "50616d41-116c-44be-a398-dc1a84be6a73",
                                        "target": "428f7bab-08e3-4cf9-9b56-a04bf846a2c6"
                                    }
                                ],
                                "UILayout": {
                                    "points": "452.9999990463257,172 480.9999985694885,172 480.9999985694885,121 508.99999809265137,121"
                                }
                            },
                            {
                                "source": "dcee4bfd-91a7-4948-9dfb-302fdc4da5c6",
                                "target": "08c291a7-f032-4485-a0e3-8049f7b14ba1",
                                "attributeMappings": [
                                    {
                                        "source": "92e09602-3388-411f-8a8a-90efaa89f9d3",
                                        "target": "fcc89bc0-af1e-4ff1-8f95-b64ff6d38980"
                                    },
                                    {
                                        "source": "2e272d43-a96d-480e-ba14-65d59c847c34",
                                        "target": "2cc33f6f-5a4f-4c55-bb49-795a2fbb0029"
                                    },
                                    {
                                        "source": "5d00a406-d2e6-43bd-8c50-3f88eaa6b0b1",
                                        "target": "66a7b9d7-c909-411f-aaca-e01400b8b05c"
                                    },
                                    {
                                        "source": "8b735f39-ab04-493e-a985-b95f0274bd10",
                                        "target": "943d5b66-5f65-4d92-8c3c-10c3c3430436"
                                    },
                                    {
                                        "source": "bfd55e4f-02a3-42bd-b892-0dc43e70a537",
                                        "target": "9184be16-0228-4f7c-b63a-b4f9b7ef86ac"
                                    },
                                    {
                                        "source": "b2991593-7af4-45e1-8819-d9237a9cc30d",
                                        "target": "9ef248b5-bb70-4fd2-9cc0-c95fda7606d7"
                                    }
                                ],
                                "UILayout": {
                                    "points": "638.9999980926514,112 678.9999980926514,112"
                                }
                            }
                        ],
                        "invalidMappings": []
                    }
                },
                "additionalinports": [
                    {
                        "name": "input1",
                        "type": "table",
                        "vtype-ID": "$GRAPH.generated.structuredfileconsumer1_outTable"
                    },
                    {
                        "name": "input2",
                        "type": "table",
                        "vtype-ID": "$GRAPH.generated.structuredfileconsumer2_outTable"
                    }
                ],
                "additionaloutports": [
                    {
                        "name": "output1",
                        "type": "table",
                        "vtype-ID": "$GRAPH.generated.datatransform1_output1"
                    }
                ]
            }
        },
        "tableproducer1": {
            "component": "com.sap.database.table.producer",
            "metadata": {
                "label": "Table Producer",
                "x": 534.9999990463257,
                "y": 72,
                "height": 80,
                "width": 120,
                "extensible": false,
                "config": {
                    "service": "HANA",
                    "hanaConnection": {
                        "configurationType": "Configuration Manager",
                        "connectionID": "HANA_CLOUD_TECHED"
                    },
                    "hanaAdaptedDataset": "TECHED.TEADM_CELLSTATUS"
                },
                "inports": [
                    {
                        "name": "inTable",
                        "type": "table",
                        "vtype-ID": "$GRAPH.generated.datatransform1_output1"
                    }
                ]
            }
        },
        "workflowterminator1": {
            "component": "com.sap.dh.terminator",
            "metadata": {
                "label": "Workflow Terminator",
                "x": 703.9999990463257,
                "y": 72,
                "height": 80,
                "width": 120,
                "config": {}
            }
        }
    },
    "groups": [],
    "connections": [
        {
            "metadata": {
                "points": "136,52 176,52"
            },
            "src": {
                "port": "output",
                "process": "workflowtrigger1"
            },
            "tgt": {
                "port": "inTrigger",
                "process": "structuredfileconsumer1"
            }
        },
        {
            "metadata": {
                "points": "136,172 176,172"
            },
            "src": {
                "port": "output",
                "process": "workflowtrigger2"
            },
            "tgt": {
                "port": "inTrigger",
                "process": "structuredfileconsumer2"
            }
        },
        {
            "metadata": {
                "points": "305,52 332.99999952316284,52 332.99999952316284,103 360.9999990463257,103"
            },
            "src": {
                "port": "outTable",
                "process": "structuredfileconsumer1"
            },
            "tgt": {
                "port": "input1",
                "process": "datatransform1"
            }
        },
        {
            "metadata": {
                "points": "305,172 332.99999952316284,172 332.99999952316284,121 360.9999990463257,121"
            },
            "src": {
                "port": "outTable",
                "process": "structuredfileconsumer2"
            },
            "tgt": {
                "port": "input2",
                "process": "datatransform1"
            }
        },
        {
            "metadata": {
                "points": "489.9999990463257,112 529.9999990463257,112"
            },
            "src": {
                "port": "output1",
                "process": "datatransform1"
            },
            "tgt": {
                "port": "inTable",
                "process": "tableproducer1"
            }
        },
        {
            "metadata": {
                "points": "658.9999990463257,112 698.9999990463257,112"
            },
            "src": {
                "port": "outMessage",
                "process": "tableproducer1"
            },
            "tgt": {
                "port": "stop",
                "process": "workflowterminator1"
            }
        }
    ],
    "inports": {},
    "outports": {}
}