{
    "properties": {},
    "description": "File Collect Performance",
    "processes": {
        "listfiles1": {
            "component": "com.sap.file.list",
            "metadata": {
                "label": "List Files",
                "x": 266,
                "y": 129,
                "height": 80,
                "width": 120,
                "config": {
                    "mode": "Once",
                    "connection": {
                        "configurationType": "Connection Management",
                        "connectionID": "TechEd2020_S3"
                    },
                    "path": "/device_performance"
                }
            }
        },
        "readfile1": {
            "component": "com.sap.file.read",
            "metadata": {
                "label": "Read File",
                "x": 433,
                "y": 129,
                "height": 80,
                "width": 120,
                "config": {}
            }
        },
        "writefile1": {
            "component": "com.sap.file.write",
            "metadata": {
                "label": "Write File",
                "x": 607,
                "y": 124,
                "height": 80,
                "width": 120,
                "config": {
                    "mode": "Append",
                    "connection": {
                        "configurationType": "Connection Management",
                        "connectionID": "DI_DATA_LAKE"
                    },
                    "pathMode": "Static (from configuration)",
                    "path": "/shared/teadm/performance.csv"
                }
            }
        },
        "fromfile1": {
            "component": "com.sap.file.fromFile",
            "metadata": {
                "label": "From File",
                "x": 767,
                "y": 143,
                "height": 50,
                "width": 50,
                "config": {}
            }
        },
        "messagefilter1": {
            "component": "com.sap.datatools.message_filter",
            "metadata": {
                "label": "Message Filter",
                "x": 862,
                "y": 129,
                "height": 80,
                "width": 120,
                "extensible": true,
                "config": {
                    "condition": {
                        "message.lastBatch": true
                    }
                }
            }
        },
        "graphterminator1": {
            "component": "com.sap.util.graphTerminator",
            "metadata": {
                "label": "Graph Terminator",
                "x": 1044,
                "y": 124,
                "height": 80,
                "width": 120,
                "config": {}
            }
        }
    },
    "groups": [],
    "connections": [
        {
            "metadata": {
                "points": "390,160 409,160 409,169 428,169"
            },
            "src": {
                "port": "ref",
                "process": "listfiles1"
            },
            "tgt": {
                "port": "ref",
                "process": "readfile1"
            }
        },
        {
            "metadata": {
                "points": "557,160 579.5,160 579.5,164 602,164"
            },
            "src": {
                "port": "file",
                "process": "readfile1"
            },
            "tgt": {
                "port": "file",
                "process": "writefile1"
            }
        },
        {
            "metadata": {
                "points": "731,155 746.5,155 746.5,168 762,168"
            },
            "src": {
                "port": "file",
                "process": "writefile1"
            },
            "tgt": {
                "port": "file",
                "process": "fromfile1"
            }
        },
        {
            "metadata": {
                "points": "821,159 839,159 839,169 857,169"
            },
            "src": {
                "port": "path",
                "process": "fromfile1"
            },
            "tgt": {
                "port": "input",
                "process": "messagefilter1"
            }
        },
        {
            "metadata": {
                "points": "986,169 1012.5,169 1012.5,164 1039,164"
            },
            "src": {
                "port": "output",
                "process": "messagefilter1"
            },
            "tgt": {
                "port": "stop",
                "process": "graphterminator1"
            }
        }
    ],
    "inports": {},
    "outports": {}
}